made_at,source,event,player_id,web_name,predicted
2026-09-11T21:55:16+00:00,own,4,572,Tzolakis,4.777
2026-09-11T21:55:16+00:00,own,4,1,Raya,4.645
2026-09-11T21:55:16+00:00,own,4,385,Trafford,4.0
2026-09-11T21:55:16+00:00,own,4,597,Suzuki,2.667
2026-09-11T21:55:16+00:00,own,4,82,Kelleher,3.78
2026-09-11T21:55:16+00:00,own,4,226,Pickford,3.602
2026-09-11T21:55:16+00:00,own,4,350,A.Becker,3.84
2026-09-11T21:55:16+00:00,own,4,384,Donnarumma,3.254
2026-09-11T21:55:16+00:00,own,4,567,Horníček,3.143
2026-09-11T21:55:16+00:00,own,4,109,Verbruggen,3.629
2026-09-11T21:55:16+00:00,own,4,467,Sels,2.913
2026-09-11T21:55:16+00:00,own,4,496,Kinsky,2.918
2026-09-11T21:55:16+00:00,own,4,529,Roefs,3.085
2026-09-11T21:55:16+00:00,own,4,57,Petrović,2.722
2026-09-11T21:55:16+00:00,own,4,250,Leno,2.369
2026-09-11T21:55:16+00:00,own,4,564,Scherpen,2.571
2026-09-11T21:55:16+00:00,own,4,28,Martinez,2.519
2026-09-11T21:55:16+00:00,own,4,110,Rushworth,2.72
2026-09-11T21:55:16+00:00,own,4,198,Henderson,3.091
2026-09-11T21:55:16+00:00,own,4,412,Lammens,2.341
2026-09-11T21:55:16+00:00,own,4,29,M.Bizot,0.723
2026-09-11T21:55:16+00:00,own,4,279,Ajayi,3.736
2026-09-11T21:55:16+00:00,own,4,586,Mendy,3.796
2026-09-11T21:55:16+00:00,own,4,277,Egan,2.985
2026-09-11T21:55:16+00:00,own,4,8,Calafiori,5.956
2026-09-11T21:55:16+00:00,own,4,330,Bogle,4.825
2026-09-11T21:55:16+00:00,own,4,391,Gvardiol,5.189
2026-09-11T21:55:16+00:00,own,4,115,De Cuyper,6.4
2026-09-11T21:55:16+00:00,own,4,229,Tarkowski,5.625
2026-09-11T21:55:16+00:00,own,4,10,White,6.168
2026-09-11T21:55:16+00:00,own,4,282,Giles,3.469
2026-09-11T21:55:16+00:00,own,4,388,Guéhi,5.086
2026-09-11T21:55:16+00:00,own,4,449,Hall,4.429
2026-09-11T21:55:16+00:00,own,4,504,Vuskovic,5.013
2026-09-11T21:55:16+00:00,own,4,88,Kayode,3.467
2026-09-11T21:55:16+00:00,own,4,204,Mitchell,4.767
2026-09-11T21:55:16+00:00,own,4,332,Justin,5.42
2026-09-11T21:55:16+00:00,own,4,4,Gabriel,6.051
2026-09-11T21:55:16+00:00,own,4,173,Thomas,4.406
2026-09-11T21:55:16+00:00,own,4,469,N.Williams,3.694
2026-09-11T21:55:16+00:00,own,4,334,Muharemović,4.373
2026-09-11T21:55:16+00:00,own,4,87,Ajer,4.023
2026-09-11T21:55:16+00:00,own,4,230,Branthwaite,4.284
2026-09-11T21:55:16+00:00,own,4,258,Castagne,2.978
2026-09-11T21:55:16+00:00,own,4,472,Murillo,3.391
2026-09-11T21:55:16+00:00,own,4,533,Mukiele,3.18
2026-09-11T21:55:16+00:00,own,4,280,Coyle,2.449
2026-09-11T21:55:16+00:00,own,4,327,Bijol,3.608
2026-09-11T21:55:16+00:00,own,4,471,Milenković,3.104
2026-09-11T21:55:16+00:00,own,4,532,Ballard,3.957
2026-09-11T21:55:16+00:00,own,4,233,Mykolenko,3.223
2026-09-11T21:55:16+00:00,own,4,112,Van Hecke,3.8
2026-09-11T21:55:16+00:00,own,4,116,Dunk,3.63
2026-09-11T21:55:16+00:00,own,4,390,Rúben,3.648
2026-09-11T21:55:16+00:00,own,4,474,Jair Cunha,2.402
2026-09-11T21:55:16+00:00,own,4,200,Lacroix,4.315
2026-09-11T21:55:16+00:00,own,4,305,Davis,2.261
2026-09-11T21:55:16+00:00,own,4,356,Virgil,4.387
2026-09-11T21:55:16+00:00,own,4,362,Jacquet,3.293
2026-09-11T21:55:16+00:00,own,4,393,Khusanov,3.242
2026-09-11T21:55:16+00:00,own,4,447,Botman,3.781
2026-09-11T21:55:16+00:00,own,4,503,Van de Ven,2.526
2026-09-11T21:55:16+00:00,own,4,534,Hume,2.274
2026-09-11T21:55:16+00:00,own,4,536,Reinildo,2.835
2026-09-11T21:55:16+00:00,own,4,541,Meunier,2.64
2026-09-11T21:55:16+00:00,own,4,579,Araujo,2.123
2026-09-11T21:55:16+00:00,own,4,36,Maatsen,2.73
2026-09-11T21:55:16+00:00,own,4,148,Hato,1.944
2026-09-11T21:55:16+00:00,own,4,445,Thiaw,3.33
2026-09-11T21:55:16+00:00,own,4,33,Mings,1.563
2026-09-11T21:55:16+00:00,own,4,114,Boscagli,3.932
2026-09-11T21:55:16+00:00,own,4,259,Diop,2.963
2026-09-11T21:55:16+00:00,own,4,304,O'Shea,1.807
2026-09-11T21:55:16+00:00,own,4,418,Maguire,3.35
2026-09-11T21:55:16+00:00,own,4,566,Silva,2.905
2026-09-11T21:55:16+00:00,own,4,37,Lindelöf,2.44
2026-09-11T21:55:16+00:00,own,4,60,Hill,3.548
2026-09-11T21:55:16+00:00,own,4,175,van Ewijk,3.093
2026-09-11T21:55:16+00:00,own,4,358,Kerkez,2.998
2026-09-11T21:55:16+00:00,own,4,473,Aina,2.332
2026-09-11T21:55:16+00:00,own,4,502,Robertson,2.611
2026-09-11T21:55:16+00:00,own,4,588,Khalaili,2.569
2026-09-11T21:55:16+00:00,own,4,31,Konsa,1.231
2026-09-11T21:55:16+00:00,own,4,61,Truffert,3.226
2026-09-11T21:55:16+00:00,own,4,151,Acheampong,3.539
2026-09-11T21:55:16+00:00,own,4,176,Dasilva,4.149
2026-09-11T21:55:16+00:00,own,4,598,Elvedi,1.975
2026-09-11T21:55:16+00:00,own,4,91,Pinnock,1.059
2026-09-11T21:55:16+00:00,own,4,93,Schuster,0.974
2026-09-11T21:55:16+00:00,own,4,153,Disasi,1.534
2026-09-11T21:55:16+00:00,own,4,182,Amenda,2.773
2026-09-11T21:55:16+00:00,own,4,202,Richards,3.25
2026-09-11T21:55:16+00:00,own,4,254,Robinson,2.367
2026-09-11T21:55:16+00:00,own,4,387,O'Reilly,2.225
2026-09-11T21:55:16+00:00,own,4,417,Dalot,1.788
2026-09-11T21:55:16+00:00,own,4,419,Martinez,1.881
2026-09-11T21:55:16+00:00,own,4,90,Hickey,1.092
2026-09-11T21:55:16+00:00,own,4,144,Gusto,2.404
2026-09-11T21:55:16+00:00,own,4,145,Fofana,1.884
2026-09-11T21:55:16+00:00,own,4,255,J.Cuenca,1.057
2026-09-11T21:55:16+00:00,own,4,257,Bassey,2.218
2026-09-11T21:55:16+00:00,own,4,269,Sessegnon,0.781
2026-09-11T21:55:16+00:00,own,4,422,Mazraoui,1.403
2026-09-11T21:55:16+00:00,own,4,498,Senesi,1.477
2026-09-11T21:55:16+00:00,own,4,583,Chavarria,1.028
2026-09-11T21:55:16+00:00,own,4,585,Herrington,0.835
2026-09-11T21:55:16+00:00,own,4,34,Pau,1.638
2026-09-11T21:55:16+00:00,own,4,64,Smith,3.066
2026-09-11T21:55:16+00:00,own,4,113,F.Kadıoğlu,1.842
2026-09-11T21:55:16+00:00,own,4,119,Costinha,0.673
2026-09-11T21:55:16+00:00,own,4,142,James,3.107
2026-09-11T21:55:16+00:00,own,4,203,Canvot,3.436
2026-09-11T21:55:16+00:00,own,4,253,Andersen,1.698
2026-09-11T21:55:16+00:00,own,4,306,Greaves,1.149
2026-09-11T21:55:16+00:00,own,4,331,Gudmundsson,0.842
2026-09-11T21:55:16+00:00,own,4,501,Danso,1.011
2026-09-11T21:55:16+00:00,own,4,577,Tomiyasu,1.816
2026-09-11T21:55:16+00:00,own,4,149,Colwill,1.553
2026-09-11T21:55:16+00:00,own,4,201,Muñoz,1.199
2026-09-11T21:55:16+00:00,own,4,357,Frimpong,2.639
2026-09-11T21:55:16+00:00,own,4,395,Lewis,0.536
2026-09-11T21:55:16+00:00,own,4,421,Heaven,1.023
2026-09-11T21:55:16+00:00,own,4,539,O'Nien,0.798
2026-09-11T21:55:16+00:00,own,4,426,B.Fernandes,6.864
2026-09-11T21:55:16+00:00,own,4,399,Cherki,4.992
2026-09-11T21:55:16+00:00,own,4,15,Ødegaard,5.521
2026-09-11T21:55:16+00:00,own,4,69,Scott,5.834
2026-09-11T21:55:16+00:00,own,4,12,Saka,6.425
2026-09-11T21:55:16+00:00,own,4,68,Tavernier,5.555
2026-09-11T21:55:16+00:00,own,4,98,Janelt,5.654
2026-09-11T21:55:16+00:00,own,4,154,Palmer,6.605
2026-09-11T21:55:16+00:00,own,4,427,Mbeumo,5.205
2026-09-11T21:55:16+00:00,own,4,40,Rogers,5.839
2026-09-11T21:55:16+00:00,own,4,268,King,4.599
2026-09-11T21:55:16+00:00,own,4,335,Stach,6.371
2026-09-11T21:55:16+00:00,own,4,86,Lewis-Potter,5.553
2026-09-11T21:55:16+00:00,own,4,454,Elanga,4.085
2026-09-11T21:55:16+00:00,own,4,480,Gibbs-White,5.007
2026-09-11T21:55:16+00:00,own,4,544,Xhaka,4.197
2026-09-11T21:55:16+00:00,own,4,565,M.Sangaré,4.379
2026-09-11T21:55:16+00:00,own,4,453,Barnes,5.223
2026-09-11T21:55:16+00:00,own,4,124,Groß,5.306
2026-09-11T21:55:16+00:00,own,4,237,Ndiaye,4.06
2026-09-11T21:55:16+00:00,own,4,94,Schade,4.457
2026-09-11T21:55:16+00:00,own,4,236,Dewsbury-Hall,5.097
2026-09-11T21:55:16+00:00,own,4,242,George,4.289
2026-09-11T21:55:16+00:00,own,4,368,Szoboszlai,5.251
2026-09-11T21:55:16+00:00,own,4,286,Belloumi,3.833
2026-09-11T21:55:16+00:00,own,4,428,Cunha,3.931
2026-09-11T21:55:16+00:00,own,4,432,Mainoo,2.977
2026-09-11T21:55:16+00:00,own,4,13,Rice,4.6
2026-09-11T21:55:16+00:00,own,4,127,Gomez,4.669
2026-09-11T21:55:16+00:00,own,4,377,Munoz,3.816
2026-09-11T21:55:16+00:00,own,4,397,Semenyo,4.491
2026-09-11T21:55:16+00:00,own,4,483,Ndoye,2.82
2026-09-11T21:55:16+00:00,own,4,542,E.Le Fée,3.804
2026-09-11T21:55:16+00:00,own,4,96,Damsgaard,3.368
2026-09-11T21:55:16+00:00,own,4,211,Yeremy,3.142
2026-09-11T21:55:16+00:00,own,4,244,Armstrong,3.602
2026-09-11T21:55:16+00:00,own,4,290,Slater,3.603
2026-09-11T21:55:16+00:00,own,4,398,Foden,3.473
2026-09-11T21:55:16+00:00,own,4,460,Willock,2.638
2026-09-11T21:55:16+00:00,own,4,557,Tzolis,3.52
2026-09-11T21:55:16+00:00,own,4,570,Palacios,3.069
2026-09-11T21:55:16+00:00,own,4,591,Enciso,4.015
2026-09-11T21:55:16+00:00,own,4,605,Yalcouyé,3.391
2026-09-11T21:55:16+00:00,own,4,156,Neto,3.128
2026-09-11T21:55:16+00:00,own,4,214,Kamada,3.617
2026-09-11T21:55:16+00:00,own,4,551,N.Angulo,2.754
2026-09-11T21:55:16+00:00,own,4,161,Lavia,2.685
2026-09-11T21:55:16+00:00,own,4,338,Ampadu,3.915
2026-09-11T21:55:16+00:00,own,4,366,Wirtz,4.195
2026-09-11T21:55:16+00:00,own,4,455,Tonali,2.828
2026-09-11T21:55:16+00:00,own,4,7,Lewis-Skelly,2.954
2026-09-11T21:55:16+00:00,own,4,43,Tielemans,2.522
2026-09-11T21:55:16+00:00,own,4,210,Wharton,3.808
2026-09-11T21:55:16+00:00,own,4,247,Hackney,2.152
2026-09-11T21:55:16+00:00,own,4,267,Lukić,3.012
2026-09-11T21:55:16+00:00,own,4,315,Fatawu,3.109
2026-09-11T21:55:16+00:00,own,4,459,L.Miley,3.269
2026-09-11T21:55:16+00:00,own,4,481,Anderson,3.164
2026-09-11T21:55:16+00:00,own,4,516,Bentancur,3.137
2026-09-11T21:55:16+00:00,own,4,558,Schlager,2.653
2026-09-11T21:55:16+00:00,own,4,41,Buendía,3.809
2026-09-11T21:55:16+00:00,own,4,46,Barkley,4.118
2026-09-11T21:55:16+00:00,own,4,47,Kamara,3.225
2026-09-11T21:55:16+00:00,own,4,51,George Hemmings,3.238
2026-09-11T21:55:16+00:00,own,4,70,Kluivert,2.931
2026-09-11T21:55:16+00:00,own,4,71,Cook,2.38
2026-09-11T21:55:16+00:00,own,4,264,Bobb,2.35
2026-09-11T21:55:16+00:00,own,4,371,Gravenberch,2.299
2026-09-11T21:55:16+00:00,own,4,456,J.Ramsey,1.206
2026-09-11T21:55:16+00:00,own,4,486,McAtee,2.696
2026-09-11T21:55:16+00:00,own,4,514,Tel,3.645
2026-09-11T21:55:16+00:00,own,4,67,Rayan,3.928
2026-09-11T21:55:16+00:00,own,4,73,Adams,1.702
2026-09-11T21:55:16+00:00,own,4,183,Rudoni,2.622
2026-09-11T21:55:16+00:00,own,4,184,Grimes,3.786
2026-09-11T21:55:16+00:00,own,4,246,Röhl,3.434
2026-09-11T21:55:16+00:00,own,4,261,Iwobi,2.635
2026-09-11T21:55:16+00:00,own,4,309,Núñez,2.208
2026-09-11T21:55:16+00:00,own,4,336,Okafor,3.481
2026-09-11T21:55:16+00:00,own,4,345,Tanaka,2.239
2026-09-11T21:55:16+00:00,own,4,429,Rashford,3.09
2026-09-11T21:55:16+00:00,own,4,545,Sadiki,1.932
2026-09-11T21:55:16+00:00,own,4,562,Maeda,2.958
2026-09-11T21:55:16+00:00,own,4,576,Stroud,2.398
2026-09-11T21:55:16+00:00,own,4,45,McGinn,3.132
2026-09-11T21:55:16+00:00,own,4,95,O.Dango,2.479
2026-09-11T21:55:16+00:00,own,4,265,Berge,1.61
2026-09-11T21:55:16+00:00,own,4,337,Aaronson,2.631
2026-09-11T21:55:16+00:00,own,4,372,Mac Allister,2.499
2026-09-11T21:55:16+00:00,own,4,575,Yirenkyi,2.58
2026-09-11T21:55:16+00:00,own,4,619,Palacios,1.706
2026-09-11T21:55:16+00:00,own,4,104,Onyeka,1.8
2026-09-11T21:55:16+00:00,own,4,105,Anthony,1.821
2026-09-11T21:55:16+00:00,own,4,129,Ayari,2.49
2026-09-11T21:55:16+00:00,own,4,155,Enzo,1.412
2026-09-11T21:55:16+00:00,own,4,162,Andrey Santos,0.956
2026-09-11T21:55:16+00:00,own,4,190,Tchaouna,2.459
2026-09-11T21:55:16+00:00,own,4,239,Garner,2.017
2026-09-11T21:55:16+00:00,own,4,260,Wilson,2.662
2026-09-11T21:55:16+00:00,own,4,405,N.Gonzalez,1.782
2026-09-11T21:55:16+00:00,own,4,522,Gray,1.873
2026-09-11T21:55:16+00:00,own,4,580,Charles,1.618
2026-09-11T21:55:16+00:00,own,4,19,Zubimendi,0.773
2026-09-11T21:55:16+00:00,own,4,186,Mason-Clark,2.011
2026-09-11T21:55:16+00:00,own,4,209,Johnson,1.2
2026-09-11T21:55:16+00:00,own,4,241,McNeil,1.373
2026-09-11T21:55:16+00:00,own,4,369,Ngumoha,2.146
2026-09-11T21:55:16+00:00,own,4,403,Sávio,1.045
2026-09-11T21:55:16+00:00,own,4,462,Steur,1.34
2026-09-11T21:55:16+00:00,own,4,519,Gallagher,1.433
2026-09-11T21:55:16+00:00,own,4,525,Fernandes,1.802
2026-09-11T21:55:16+00:00,own,4,589,Gourna-Douath,1.571
2026-09-11T21:55:16+00:00,own,4,14,Eze,1.107
2026-09-11T21:55:16+00:00,own,4,17,Merino,0.965
2026-09-11T21:55:16+00:00,own,4,42,Guessand,0.946
2026-09-11T21:55:16+00:00,own,4,102,Yarmoliuk,1.065
2026-09-11T21:55:16+00:00,own,4,188,Torp,0.848
2026-09-11T21:55:16+00:00,own,4,289,Crooks,1.153
2026-09-11T21:55:16+00:00,own,4,415,Dorgu,1.302
2026-09-11T21:55:16+00:00,own,4,488,I.Sangaré,1.024
2026-09-11T21:55:16+00:00,own,4,512,Kudus,0.81
2026-09-11T21:55:16+00:00,own,4,644,Timber,1.237
2026-09-11T21:55:16+00:00,own,4,520,Bergvall,0.721
2026-09-11T21:55:16+00:00,own,4,411,Haaland,6.68
2026-09-11T21:55:16+00:00,own,4,379,Isak,6.66
2026-09-11T21:55:16+00:00,own,4,165,João Pedro,7.196
2026-09-11T21:55:16+00:00,own,4,26,Havertz,5.34
2026-09-11T21:55:16+00:00,own,4,464,Wissa,4.455
2026-09-11T21:55:16+00:00,own,4,553,Isidor,1.831
2026-09-11T21:55:16+00:00,own,4,249,Barry,3.972
2026-09-11T21:55:16+00:00,own,4,316,Emersonn,2.919
2026-09-11T21:55:16+00:00,own,4,79,Evanilson,3.515
2026-09-11T21:55:16+00:00,own,4,346,Calvert-Lewin,4.425
2026-09-11T21:55:16+00:00,own,4,569,Gonzalo,3.114
2026-09-11T21:55:16+00:00,own,4,138,Kostoulas,2.987
2026-09-11T21:55:16+00:00,own,4,295,McBurnie,3.341
2026-09-11T21:55:16+00:00,own,4,224,Nketiah,3.045
2026-09-11T21:55:16+00:00,own,4,439,Šeško,1.186
2026-09-11T21:55:16+00:00,own,4,320,Akpom,1.114
2026-09-11T21:55:16+00:00,own,4,552,Brobbey,2.58
2026-09-11T21:55:16+00:00,own,4,492,Awoniyi,4.636
2026-09-11T21:55:16+00:00,own,4,106,Thiago,3.349
2026-09-11T21:55:16+00:00,own,4,166,N.Jackson,2.359
2026-09-11T21:55:16+00:00,own,4,194,Thomas-Asante,1.752
2026-09-11T21:55:16+00:00,own,4,222,Strand Larsen,1.593
2026-09-11T21:55:16+00:00,own,4,401,Marmoush,3.589
2026-09-11T21:55:16+00:00,own,4,491,Igor Jesus,2.374
2026-09-11T21:55:16+00:00,own,4,167,Delap,1.11
2026-09-11T21:55:16+00:00,own,4,195,Simms,1.303
2026-09-11T21:55:16+00:00,xg,4,572,Tzolakis,3.25
2026-09-11T21:55:16+00:00,xg,4,1,Raya,3.661
2026-09-11T21:55:16+00:00,xg,4,385,Trafford,4.127
2026-09-11T21:55:16+00:00,xg,4,597,Suzuki,2.432
2026-09-11T21:55:16+00:00,xg,4,82,Kelleher,3.699
2026-09-11T21:55:16+00:00,xg,4,226,Pickford,3.744
2026-09-11T21:55:16+00:00,xg,4,350,A.Becker,4.04
2026-09-11T21:55:16+00:00,xg,4,384,Donnarumma,3.219
2026-09-11T21:55:16+00:00,xg,4,567,Horníček,3.81
2026-09-11T21:55:16+00:00,xg,4,109,Verbruggen,4.099
2026-09-11T21:55:16+00:00,xg,4,467,Sels,3.158
2026-09-11T21:55:16+00:00,xg,4,496,Kinsky,3.711
2026-09-11T21:55:16+00:00,xg,4,529,Roefs,3.155
2026-09-11T21:55:16+00:00,xg,4,57,Petrović,3.729
2026-09-11T21:55:16+00:00,xg,4,250,Leno,3.234
2026-09-11T21:55:16+00:00,xg,4,564,Scherpen,3.772
2026-09-11T21:55:16+00:00,xg,4,28,Martinez,2.801
2026-09-11T21:55:16+00:00,xg,4,110,Rushworth,4.017
2026-09-11T21:55:16+00:00,xg,4,198,Henderson,4.404
2026-09-11T21:55:16+00:00,xg,4,412,Lammens,3.272
2026-09-11T21:55:16+00:00,xg,4,29,M.Bizot,1.205
2026-09-11T21:55:16+00:00,xg,4,279,Ajayi,3.736
2026-09-11T21:55:16+00:00,xg,4,586,Mendy,6.301
2026-09-11T21:55:16+00:00,xg,4,277,Egan,4.613
2026-09-11T21:55:16+00:00,xg,4,8,Calafiori,5.265
2026-09-11T21:55:16+00:00,xg,4,330,Bogle,5.388
2026-09-11T21:55:16+00:00,xg,4,391,Gvardiol,4.27
2026-09-11T21:55:16+00:00,xg,4,115,De Cuyper,6.521
2026-09-11T21:55:16+00:00,xg,4,229,Tarkowski,5.684
2026-09-11T21:55:16+00:00,xg,4,10,White,4.417
2026-09-11T21:55:16+00:00,xg,4,282,Giles,3.544
2026-09-11T21:55:16+00:00,xg,4,388,Guéhi,4.789
2026-09-11T21:55:16+00:00,xg,4,449,Hall,5.861
2026-09-11T21:55:16+00:00,xg,4,504,Vuskovic,5.663
2026-09-11T21:55:16+00:00,xg,4,88,Kayode,4.694
2026-09-11T21:55:16+00:00,xg,4,204,Mitchell,5.233
2026-09-11T21:55:16+00:00,xg,4,332,Justin,6.077
2026-09-11T21:55:16+00:00,xg,4,4,Gabriel,5.38
2026-09-11T21:55:16+00:00,xg,4,173,Thomas,6.226
2026-09-11T21:55:16+00:00,xg,4,469,N.Williams,4.625
2026-09-11T21:55:16+00:00,xg,4,334,Muharemović,5.726
2026-09-11T21:55:16+00:00,xg,4,87,Ajer,5.47
2026-09-11T21:55:16+00:00,xg,4,230,Branthwaite,5.548
2026-09-11T21:55:16+00:00,xg,4,258,Castagne,4.493
2026-09-11T21:55:16+00:00,xg,4,472,Murillo,5.181
2026-09-11T21:55:16+00:00,xg,4,533,Mukiele,3.807
2026-09-11T21:55:16+00:00,xg,4,280,Coyle,3.165
2026-09-11T21:55:16+00:00,xg,4,327,Bijol,4.263
2026-09-11T21:55:16+00:00,xg,4,471,Milenković,4.788
2026-09-11T21:55:16+00:00,xg,4,532,Ballard,5.196
2026-09-11T21:55:16+00:00,xg,4,233,Mykolenko,4.614
2026-09-11T21:55:16+00:00,xg,4,112,Van Hecke,4.476
2026-09-11T21:55:16+00:00,xg,4,116,Dunk,5.026
2026-09-11T21:55:16+00:00,xg,4,390,Rúben,3.886
2026-09-11T21:55:16+00:00,xg,4,474,Jair Cunha,3.946
2026-09-11T21:55:16+00:00,xg,4,200,Lacroix,5.898
2026-09-11T21:55:16+00:00,xg,4,305,Davis,4.896
2026-09-11T21:55:16+00:00,xg,4,356,Virgil,5.482
2026-09-11T21:55:16+00:00,xg,4,362,Jacquet,4.95
2026-09-11T21:55:16+00:00,xg,4,393,Khusanov,3.558
2026-09-11T21:55:16+00:00,xg,4,447,Botman,4.881
2026-09-11T21:55:16+00:00,xg,4,503,Van de Ven,3.036
2026-09-11T21:55:16+00:00,xg,4,534,Hume,2.588
2026-09-11T21:55:16+00:00,xg,4,536,Reinildo,3.495
2026-09-11T21:55:16+00:00,xg,4,541,Meunier,3.912
2026-09-11T21:55:16+00:00,xg,4,579,Araujo,2.041
2026-09-11T21:55:16+00:00,xg,4,36,Maatsen,4.478
2026-09-11T21:55:16+00:00,xg,4,148,Hato,4.454
2026-09-11T21:55:16+00:00,xg,4,445,Thiaw,5.008
2026-09-11T21:55:16+00:00,xg,4,33,Mings,1.416
2026-09-11T21:55:16+00:00,xg,4,114,Boscagli,4.825
2026-09-11T21:55:16+00:00,xg,4,259,Diop,5.242
2026-09-11T21:55:16+00:00,xg,4,304,O'Shea,5.455
2026-09-11T21:55:16+00:00,xg,4,418,Maguire,4.51
2026-09-11T21:55:16+00:00,xg,4,566,Silva,5.717
2026-09-11T21:55:16+00:00,xg,4,37,Lindelöf,3.886
2026-09-11T21:55:16+00:00,xg,4,60,Hill,5.009
2026-09-11T21:55:16+00:00,xg,4,175,van Ewijk,5.06
2026-09-11T21:55:16+00:00,xg,4,358,Kerkez,4.479
2026-09-11T21:55:16+00:00,xg,4,473,Aina,3.764
2026-09-11T21:55:16+00:00,xg,4,502,Robertson,3.662
2026-09-11T21:55:16+00:00,xg,4,588,Khalaili,5.616
2026-09-11T21:55:16+00:00,xg,4,31,Konsa,1.948
2026-09-11T21:55:16+00:00,xg,4,61,Truffert,4.135
2026-09-11T21:55:16+00:00,xg,4,151,Acheampong,3.37
2026-09-11T21:55:16+00:00,xg,4,176,Dasilva,4.918
2026-09-11T21:55:16+00:00,xg,4,598,Elvedi,2.385
2026-09-11T21:55:16+00:00,xg,4,91,Pinnock,2.135
2026-09-11T21:55:16+00:00,xg,4,153,Disasi,2.142
2026-09-11T21:55:16+00:00,xg,4,182,Amenda,4.474
2026-09-11T21:55:16+00:00,xg,4,202,Richards,5.28
2026-09-11T21:55:16+00:00,xg,4,254,Robinson,4.001
2026-09-11T21:55:16+00:00,xg,4,387,O'Reilly,3.096
2026-09-11T21:55:16+00:00,xg,4,417,Dalot,2.715
2026-09-11T21:55:16+00:00,xg,4,419,Martinez,2.149
2026-09-11T21:55:16+00:00,xg,4,144,Gusto,3.042
2026-09-11T21:55:16+00:00,xg,4,145,Fofana,3.58
2026-09-11T21:55:16+00:00,xg,4,255,J.Cuenca,1.789
2026-09-11T21:55:16+00:00,xg,4,257,Bassey,3.507
2026-09-11T21:55:16+00:00,xg,4,422,Mazraoui,1.21
2026-09-11T21:55:16+00:00,xg,4,498,Senesi,2.061
2026-09-11T21:55:16+00:00,xg,4,34,Pau,2.616
2026-09-11T21:55:16+00:00,xg,4,64,Smith,3.81
2026-09-11T21:55:16+00:00,xg,4,113,F.Kadıoğlu,3.084
2026-09-11T21:55:16+00:00,xg,4,142,James,3.228
2026-09-11T21:55:16+00:00,xg,4,203,Canvot,4.553
2026-09-11T21:55:16+00:00,xg,4,253,Andersen,2.426
2026-09-11T21:55:16+00:00,xg,4,306,Greaves,4.618
2026-09-11T21:55:16+00:00,xg,4,331,Gudmundsson,1.455
2026-09-11T21:55:16+00:00,xg,4,501,Danso,1.139
2026-09-11T21:55:16+00:00,xg,4,577,Tomiyasu,1.589
2026-09-11T21:55:16+00:00,xg,4,149,Colwill,2.879
2026-09-11T21:55:16+00:00,xg,4,201,Muñoz,1.417
2026-09-11T21:55:16+00:00,xg,4,357,Frimpong,3.118
2026-09-11T21:55:16+00:00,xg,4,395,Lewis,1.279
2026-09-11T21:55:16+00:00,xg,4,421,Heaven,1.153
2026-09-11T21:55:16+00:00,xg,4,539,O'Nien,1.073
2026-09-11T21:55:16+00:00,xg,4,426,B.Fernandes,6.338
2026-09-11T21:55:16+00:00,xg,4,399,Cherki,3.81
2026-09-11T21:55:16+00:00,xg,4,15,Ødegaard,4.934
2026-09-11T21:55:16+00:00,xg,4,69,Scott,4.569
2026-09-11T21:55:16+00:00,xg,4,12,Saka,5.742
2026-09-11T21:55:16+00:00,xg,4,68,Tavernier,5.362
2026-09-11T21:55:16+00:00,xg,4,98,Janelt,5.26
2026-09-11T21:55:16+00:00,xg,4,154,Palmer,5.725
2026-09-11T21:55:16+00:00,xg,4,427,Mbeumo,6.19
2026-09-11T21:55:16+00:00,xg,4,40,Rogers,5.177
2026-09-11T21:55:16+00:00,xg,4,268,King,4.292
2026-09-11T21:55:16+00:00,xg,4,335,Stach,5.47
2026-09-11T21:55:16+00:00,xg,4,86,Lewis-Potter,4.603
2026-09-11T21:55:16+00:00,xg,4,454,Elanga,4.076
2026-09-11T21:55:16+00:00,xg,4,480,Gibbs-White,4.929
2026-09-11T21:55:16+00:00,xg,4,544,Xhaka,4.815
2026-09-11T21:55:16+00:00,xg,4,565,M.Sangaré,6.363
2026-09-11T21:55:16+00:00,xg,4,453,Barnes,4.338
2026-09-11T21:55:16+00:00,xg,4,124,Groß,4.478
2026-09-11T21:55:16+00:00,xg,4,237,Ndiaye,5.554
2026-09-11T21:55:16+00:00,xg,4,94,Schade,4.983
2026-09-11T21:55:16+00:00,xg,4,236,Dewsbury-Hall,4.309
2026-09-11T21:55:16+00:00,xg,4,242,George,3.752
2026-09-11T21:55:16+00:00,xg,4,368,Szoboszlai,5.522
2026-09-11T21:55:16+00:00,xg,4,286,Belloumi,3.923
2026-09-11T21:55:16+00:00,xg,4,428,Cunha,4.45
2026-09-11T21:55:16+00:00,xg,4,432,Mainoo,3.564
2026-09-11T21:55:16+00:00,xg,4,13,Rice,4.529
2026-09-11T21:55:16+00:00,xg,4,127,Gomez,4.799
2026-09-11T21:55:16+00:00,xg,4,377,Munoz,3.001
2026-09-11T21:55:16+00:00,xg,4,397,Semenyo,4.539
2026-09-11T21:55:16+00:00,xg,4,483,Ndoye,3.865
2026-09-11T21:55:16+00:00,xg,4,542,E.Le Fée,4.592
2026-09-11T21:55:16+00:00,xg,4,96,Damsgaard,2.785
2026-09-11T21:55:16+00:00,xg,4,211,Yeremy,3.161
2026-09-11T21:55:16+00:00,xg,4,244,Armstrong,3.832
2026-09-11T21:55:16+00:00,xg,4,290,Slater,3.304
2026-09-11T21:55:16+00:00,xg,4,398,Foden,3.842
2026-09-11T21:55:16+00:00,xg,4,460,Willock,2.683
2026-09-11T21:55:16+00:00,xg,4,557,Tzolis,3.904
2026-09-11T21:55:16+00:00,xg,4,570,Palacios,5.533
2026-09-11T21:55:16+00:00,xg,4,591,Enciso,4.738
2026-09-11T21:55:16+00:00,xg,4,605,Yalcouyé,3.711
2026-09-11T21:55:16+00:00,xg,4,156,Neto,3.169
2026-09-11T21:55:16+00:00,xg,4,214,Kamada,4.417
2026-09-11T21:55:16+00:00,xg,4,551,N.Angulo,3.365
2026-09-11T21:55:16+00:00,xg,4,161,Lavia,3.76
2026-09-11T21:55:16+00:00,xg,4,338,Ampadu,4.093
2026-09-11T21:55:16+00:00,xg,4,366,Wirtz,4.909
2026-09-11T21:55:16+00:00,xg,4,455,Tonali,4.057
2026-09-11T21:55:16+00:00,xg,4,7,Lewis-Skelly,3.183
2026-09-11T21:55:16+00:00,xg,4,43,Tielemans,4.537
2026-09-11T21:55:16+00:00,xg,4,210,Wharton,4.489
2026-09-11T21:55:16+00:00,xg,4,247,Hackney,1.115
2026-09-11T21:55:16+00:00,xg,4,267,Lukić,3.525
2026-09-11T21:55:16+00:00,xg,4,315,Fatawu,4.037
2026-09-11T21:55:16+00:00,xg,4,459,L.Miley,4.12
2026-09-11T21:55:16+00:00,xg,4,481,Anderson,4.389
2026-09-11T21:55:16+00:00,xg,4,516,Bentancur,2.715
2026-09-11T21:55:16+00:00,xg,4,558,Schlager,2.633
2026-09-11T21:55:16+00:00,xg,4,41,Buendía,4.204
2026-09-11T21:55:16+00:00,xg,4,46,Barkley,3.902
2026-09-11T21:55:16+00:00,xg,4,47,Kamara,3.132
2026-09-11T21:55:16+00:00,xg,4,51,George Hemmings,3.185
2026-09-11T21:55:16+00:00,xg,4,70,Kluivert,4.57
2026-09-11T21:55:16+00:00,xg,4,71,Cook,2.07
2026-09-11T21:55:16+00:00,xg,4,264,Bobb,4.33
2026-09-11T21:55:16+00:00,xg,4,371,Gravenberch,1.13
2026-09-11T21:55:16+00:00,xg,4,486,McAtee,3.877
2026-09-11T21:55:16+00:00,xg,4,514,Tel,4.059
2026-09-11T21:55:16+00:00,xg,4,67,Rayan,4.222
2026-09-11T21:55:16+00:00,xg,4,73,Adams,1.658
2026-09-11T21:55:16+00:00,xg,4,183,Rudoni,3.262
2026-09-11T21:55:16+00:00,xg,4,184,Grimes,3.102
2026-09-11T21:55:16+00:00,xg,4,246,Röhl,3.049
2026-09-11T21:55:16+00:00,xg,4,261,Iwobi,3.701
2026-09-11T21:55:16+00:00,xg,4,309,Núñez,2.669
2026-09-11T21:55:16+00:00,xg,4,336,Okafor,2.907
2026-09-11T21:55:16+00:00,xg,4,345,Tanaka,1.332
2026-09-11T21:55:16+00:00,xg,4,429,Rashford,3.134
2026-09-11T21:55:16+00:00,xg,4,545,Sadiki,3.471
2026-09-11T21:55:16+00:00,xg,4,562,Maeda,4.366
2026-09-11T21:55:16+00:00,xg,4,576,Stroud,2.86
2026-09-11T21:55:16+00:00,xg,4,45,McGinn,4.031
2026-09-11T21:55:16+00:00,xg,4,95,O.Dango,3.154
2026-09-11T21:55:16+00:00,xg,4,265,Berge,2.141
2026-09-11T21:55:16+00:00,xg,4,337,Aaronson,2.499
2026-09-11T21:55:16+00:00,xg,4,372,Mac Allister,2.526
2026-09-11T21:55:16+00:00,xg,4,575,Yirenkyi,2.116
2026-09-11T21:55:16+00:00,xg,4,619,Palacios,1.138
2026-09-11T21:55:16+00:00,xg,4,104,Onyeka,2.423
2026-09-11T21:55:16+00:00,xg,4,105,Anthony,1.383
2026-09-11T21:55:16+00:00,xg,4,129,Ayari,2.512
2026-09-11T21:55:16+00:00,xg,4,155,Enzo,1.579
2026-09-11T21:55:16+00:00,xg,4,162,Andrey Santos,1.185
2026-09-11T21:55:16+00:00,xg,4,190,Tchaouna,2.47
2026-09-11T21:55:16+00:00,xg,4,239,Garner,2.309
2026-09-11T21:55:16+00:00,xg,4,260,Wilson,1.752
2026-09-11T21:55:16+00:00,xg,4,405,N.Gonzalez,2.144
2026-09-11T21:55:16+00:00,xg,4,522,Gray,2.152
2026-09-11T21:55:16+00:00,xg,4,580,Charles,1.112
2026-09-11T21:55:16+00:00,xg,4,186,Mason-Clark,1.971
2026-09-11T21:55:16+00:00,xg,4,209,Johnson,1.184
2026-09-11T21:55:16+00:00,xg,4,241,McNeil,1.227
2026-09-11T21:55:16+00:00,xg,4,369,Ngumoha,1.067
2026-09-11T21:55:16+00:00,xg,4,403,Sávio,1.634
2026-09-11T21:55:16+00:00,xg,4,462,Steur,0.896
2026-09-11T21:55:16+00:00,xg,4,519,Gallagher,2.201
2026-09-11T21:55:16+00:00,xg,4,525,Fernandes,1.157
2026-09-11T21:55:16+00:00,xg,4,589,Gourna-Douath,0.909
2026-09-11T21:55:16+00:00,xg,4,289,Crooks,0.872
2026-09-11T21:55:16+00:00,xg,4,415,Dorgu,1.431
2026-09-11T21:55:16+00:00,xg,4,488,I.Sangaré,1.029
2026-09-11T21:55:16+00:00,xg,4,644,Timber,0.961
2026-09-11T21:55:16+00:00,xg,4,520,Bergvall,1.101
2026-09-11T21:55:16+00:00,xg,4,411,Haaland,6.308
2026-09-11T21:55:16+00:00,xg,4,379,Isak,5.957
2026-09-11T21:55:16+00:00,xg,4,165,João Pedro,5.168
2026-09-11T21:55:16+00:00,xg,4,26,Havertz,4.506
2026-09-11T21:55:16+00:00,xg,4,464,Wissa,5.02
2026-09-11T21:55:16+00:00,xg,4,249,Barry,5.083
2026-09-11T21:55:16+00:00,xg,4,316,Emersonn,4.944
2026-09-11T21:55:16+00:00,xg,4,79,Evanilson,4.164
2026-09-11T21:55:16+00:00,xg,4,346,Calvert-Lewin,4.943
2026-09-11T21:55:16+00:00,xg,4,569,Gonzalo,4.894
2026-09-11T21:55:16+00:00,xg,4,138,Kostoulas,2.742
2026-09-11T21:55:16+00:00,xg,4,295,McBurnie,4.493
2026-09-11T21:55:16+00:00,xg,4,224,Nketiah,5.293
2026-09-11T21:55:16+00:00,xg,4,552,Brobbey,3.786
2026-09-11T21:55:16+00:00,xg,4,492,Awoniyi,3.185
2026-09-11T21:55:16+00:00,xg,4,106,Thiago,5.438
2026-09-11T21:55:16+00:00,xg,4,166,N.Jackson,2.996
2026-09-11T21:55:16+00:00,xg,4,194,Thomas-Asante,0.824
2026-09-11T21:55:16+00:00,xg,4,222,Strand Larsen,1.14
2026-09-11T21:55:16+00:00,xg,4,401,Marmoush,2.884
2026-09-11T21:55:16+00:00,xg,4,491,Igor Jesus,2.663
2026-09-11T21:55:16+00:00,xg,4,167,Delap,1.305
2026-09-11T21:55:16+00:00,xg,4,195,Simms,1.273
2026-09-13T21:55:21+00:00,own,5,1,Raya,5.814
2026-09-13T21:55:21+00:00,own,5,572,Tzolakis,5.375
2026-09-13T21:55:21+00:00,own,5,350,A.Becker,4.125
2026-09-13T21:55:21+00:00,own,5,109,Verbruggen,3.375
2026-09-13T21:55:21+00:00,own,5,226,Pickford,4.369
2026-09-13T21:55:21+00:00,own,5,384,Donnarumma,4.604
2026-09-13T21:55:21+00:00,own,5,496,Kinsky,3.429
2026-09-13T21:55:21+00:00,own,5,250,Leno,3.063
2026-09-13T21:55:21+00:00,own,5,385,Trafford,2.679
2026-09-13T21:55:21+00:00,own,5,82,Kelleher,3.241
2026-09-13T21:55:21+00:00,own,5,597,Suzuki,3.107
2026-09-13T21:55:21+00:00,own,5,467,Sels,3.664
2026-09-13T21:55:21+00:00,own,5,529,Roefs,2.522
2026-09-13T21:55:21+00:00,own,5,567,Horníček,3.0
2026-09-13T21:55:21+00:00,own,5,28,Martinez,2.383
2026-09-13T21:55:21+00:00,own,5,57,Petrović,2.206
2026-09-13T21:55:21+00:00,own,5,412,Lammens,2.578
2026-09-13T21:55:21+00:00,own,5,564,Scherpen,2.75
2026-09-13T21:55:21+00:00,own,5,110,Rushworth,2.5
2026-09-13T21:55:21+00:00,own,5,199,Benitez,0.85
2026-09-13T21:55:21+00:00,own,5,29,M.Bizot,0.542
2026-09-13T21:55:21+00:00,own,5,391,Gvardiol,7.355
2026-09-13T21:55:21+00:00,own,5,115,De Cuyper,5.66
2026-09-13T21:55:21+00:00,own,5,229,Tarkowski,6.633
2026-09-13T21:55:21+00:00,own,5,8,Calafiori,6.074
2026-09-13T21:55:21+00:00,own,5,279,Ajayi,3.917
2026-09-13T21:55:21+00:00,own,5,388,Guéhi,6.504
2026-09-13T21:55:21+00:00,own,5,277,Egan,3.218
2026-09-13T21:55:21+00:00,own,5,4,Gabriel,6.42
2026-09-13T21:55:21+00:00,own,5,282,Giles,3.96
2026-09-13T21:55:21+00:00,own,5,504,Vuskovic,4.103
2026-09-13T21:55:21+00:00,own,5,305,Davis,3.728
2026-09-13T21:55:21+00:00,own,5,116,Dunk,3.816
2026-09-13T21:55:21+00:00,own,5,233,Mykolenko,4.698
2026-09-13T21:55:21+00:00,own,5,330,Bogle,3.231
2026-09-13T21:55:21+00:00,own,5,10,White,5.154
2026-09-13T21:55:21+00:00,own,5,230,Branthwaite,5.039
2026-09-13T21:55:21+00:00,own,5,258,Castagne,3.193
2026-09-13T21:55:21+00:00,own,5,472,Murillo,4.618
2026-09-13T21:55:21+00:00,own,5,112,Van Hecke,4.325
2026-09-13T21:55:21+00:00,own,5,362,Jacquet,3.796
2026-09-13T21:55:21+00:00,own,5,449,Hall,3.72
2026-09-13T21:55:21+00:00,own,5,88,Kayode,2.502
2026-09-13T21:55:21+00:00,own,5,204,Mitchell,3.813
2026-09-13T21:55:21+00:00,own,5,356,Virgil,4.428
2026-09-13T21:55:21+00:00,own,5,469,N.Williams,4.394
2026-09-13T21:55:21+00:00,own,5,332,Justin,3.63
2026-09-13T21:55:21+00:00,own,5,390,Rúben,4.903
2026-09-13T21:55:21+00:00,own,5,173,Thomas,3.558
2026-09-13T21:55:21+00:00,own,5,503,Van de Ven,3.078
2026-09-13T21:55:21+00:00,own,5,579,Araujo,2.539
2026-09-13T21:55:21+00:00,own,5,87,Ajer,3.207
2026-09-13T21:55:21+00:00,own,5,334,Muharemović,3.0
2026-09-13T21:55:21+00:00,own,5,114,Boscagli,3.301
2026-09-13T21:55:21+00:00,own,5,280,Coyle,2.818
2026-09-13T21:55:21+00:00,own,5,502,Robertson,3.254
2026-09-13T21:55:21+00:00,own,5,533,Mukiele,2.649
2026-09-13T21:55:21+00:00,own,5,588,Khalaili,3.006
2026-09-13T21:55:21+00:00,own,5,649,Maitland-Niles,1.241
2026-09-13T21:55:21+00:00,own,5,327,Bijol,2.416
2026-09-13T21:55:21+00:00,own,5,532,Ballard,2.99
2026-09-13T21:55:21+00:00,own,5,31,Konsa,1.981
2026-09-13T21:55:21+00:00,own,5,541,Meunier,2.228
2026-09-13T21:55:21+00:00,own,5,200,Lacroix,3.022
2026-09-13T21:55:21+00:00,own,5,254,Robinson,2.746
2026-09-13T21:55:21+00:00,own,5,389,Matheus N.,2.095
2026-09-13T21:55:21+00:00,own,5,566,Silva,2.64
2026-09-13T21:55:21+00:00,own,5,257,Bassey,2.601
2026-09-13T21:55:21+00:00,own,5,393,Khusanov,3.095
2026-09-13T21:55:21+00:00,own,5,447,Botman,3.176
2026-09-13T21:55:21+00:00,own,5,534,Hume,1.473
2026-09-13T21:55:21+00:00,own,5,60,Hill,2.952
2026-09-13T21:55:21+00:00,own,5,61,Truffert,2.814
2026-09-13T21:55:21+00:00,own,5,113,F.Kadıoğlu,1.977
2026-09-13T21:55:21+00:00,own,5,148,Hato,1.462
2026-09-13T21:55:21+00:00,own,5,259,Diop,2.718
2026-09-13T21:55:21+00:00,own,5,304,O'Shea,1.706
2026-09-13T21:55:21+00:00,own,5,418,Maguire,3.456
2026-09-13T21:55:21+00:00,own,5,445,Thiaw,2.797
2026-09-13T21:55:21+00:00,own,5,473,Aina,2.984
2026-09-13T21:55:21+00:00,own,5,650,Affengruber,0.968
2026-09-13T21:55:21+00:00,own,5,33,Mings,1.66
2026-09-13T21:55:21+00:00,own,5,37,Lindelöf,2.26
2026-09-13T21:55:21+00:00,own,5,93,Schuster,1.44
2026-09-13T21:55:21+00:00,own,5,358,Kerkez,2.319
2026-09-13T21:55:21+00:00,own,5,91,Pinnock,1.291
2026-09-13T21:55:21+00:00,own,5,175,van Ewijk,2.5
2026-09-13T21:55:21+00:00,own,5,202,Richards,2.789
2026-09-13T21:55:21+00:00,own,5,417,Dalot,2.215
2026-09-13T21:55:21+00:00,own,5,419,Martinez,2.276
2026-09-13T21:55:21+00:00,own,5,151,Acheampong,2.37
2026-09-13T21:55:21+00:00,own,5,176,Dasilva,3.256
2026-09-13T21:55:21+00:00,own,5,387,O'Reilly,2.288
2026-09-13T21:55:21+00:00,own,5,581,Diomande,1.073
2026-09-13T21:55:21+00:00,own,5,598,Elvedi,1.371
2026-09-13T21:55:21+00:00,own,5,611,Wan-Bissaka,0.951
2026-09-13T21:55:21+00:00,own,5,90,Hickey,1.386
2026-09-13T21:55:21+00:00,own,5,144,Gusto,2.079
2026-09-13T21:55:21+00:00,own,5,145,Fofana,1.771
2026-09-13T21:55:21+00:00,own,5,182,Amenda,2.25
2026-09-13T21:55:21+00:00,own,5,583,Chavarria,1.111
2026-09-13T21:55:21+00:00,own,5,585,Herrington,1.031
2026-09-13T21:55:21+00:00,own,5,119,Costinha,0.488
2026-09-13T21:55:21+00:00,own,5,142,James,2.704
2026-09-13T21:55:21+00:00,own,5,201,Muñoz,2.143
2026-09-13T21:55:21+00:00,own,5,255,J.Cuenca,0.793
2026-09-13T21:55:21+00:00,own,5,269,Sessegnon,0.586
2026-09-13T21:55:21+00:00,own,5,306,Greaves,1.125
2026-09-13T21:55:21+00:00,own,5,422,Mazraoui,1.195
2026-09-13T21:55:21+00:00,own,5,498,Senesi,1.108
2026-09-13T21:55:21+00:00,own,5,501,Danso,1.155
2026-09-13T21:55:21+00:00,own,5,633,Ahanor,0.85
2026-09-13T21:55:21+00:00,own,5,64,Smith,2.361
2026-09-13T21:55:21+00:00,own,5,149,Colwill,1.485
2026-09-13T21:55:21+00:00,own,5,203,Canvot,2.301
2026-09-13T21:55:21+00:00,own,5,253,Andersen,1.273
2026-09-13T21:55:21+00:00,own,5,331,Gudmundsson,0.564
2026-09-13T21:55:21+00:00,own,5,357,Frimpong,1.983
2026-09-13T21:55:21+00:00,own,5,364,Tsimikas,0.78
2026-09-13T21:55:21+00:00,own,5,577,Tomiyasu,1.722
2026-09-13T21:55:21+00:00,own,5,5,J.Timber,0.635
2026-09-13T21:55:21+00:00,own,5,395,Lewis,0.512
2026-09-13T21:55:21+00:00,own,5,421,Heaven,0.872
2026-09-13T21:55:21+00:00,own,5,539,O'Nien,0.517
2026-09-13T21:55:21+00:00,own,5,124,Groß,5.518
2026-09-13T21:55:21+00:00,own,5,12,Saka,6.696
2026-09-13T21:55:21+00:00,own,5,94,Schade,5.083
2026-09-13T21:55:21+00:00,own,5,68,Tavernier,5.103
2026-09-13T21:55:21+00:00,own,5,367,Gakpo,5.057
2026-09-13T21:55:21+00:00,own,5,426,B.Fernandes,7.075
2026-09-13T21:55:21+00:00,own,5,69,Scott,4.943
2026-09-13T21:55:21+00:00,own,5,15,Ødegaard,5.337
2026-09-13T21:55:21+00:00,own,5,40,Rogers,5.589
2026-09-13T21:55:21+00:00,own,5,286,Belloumi,4.915
2026-09-13T21:55:21+00:00,own,5,154,Palmer,5.809
2026-09-13T21:55:21+00:00,own,5,399,Cherki,5.642
2026-09-13T21:55:21+00:00,own,5,480,Gibbs-White,6.696
2026-09-13T21:55:21+00:00,own,5,98,Janelt,4.794
2026-09-13T21:55:21+00:00,own,5,427,Mbeumo,5.426
2026-09-13T21:55:21+00:00,own,5,268,King,4.268
2026-09-13T21:55:21+00:00,own,5,565,M.Sangaré,3.735
2026-09-13T21:55:21+00:00,own,5,13,Rice,4.763
2026-09-13T21:55:21+00:00,own,5,86,Lewis-Potter,4.195
2026-09-13T21:55:21+00:00,own,5,335,Stach,4.266
2026-09-13T21:55:21+00:00,own,5,544,Xhaka,3.267
2026-09-13T21:55:21+00:00,own,5,605,Yalcouyé,2.954
2026-09-13T21:55:21+00:00,own,5,214,Kamada,3.789
2026-09-13T21:55:21+00:00,own,5,242,George,4.229
2026-09-13T21:55:21+00:00,own,5,368,Szoboszlai,4.478
2026-09-13T21:55:21+00:00,own,5,432,Mainoo,3.67
2026-09-13T21:55:21+00:00,own,5,454,Elanga,3.431
2026-09-13T21:55:21+00:00,own,5,236,Dewsbury-Hall,5.275
2026-09-13T21:55:21+00:00,own,5,237,Ndiaye,4.357
2026-09-13T21:55:21+00:00,own,5,453,Barnes,4.387
2026-09-13T21:55:21+00:00,own,5,127,Gomez,3.514
2026-09-13T21:55:21+00:00,own,5,397,Semenyo,5.422
2026-09-13T21:55:21+00:00,own,5,428,Cunha,4.29
2026-09-13T21:55:21+00:00,own,5,70,Kluivert,3.028
2026-09-13T21:55:21+00:00,own,5,244,Armstrong,3.958
2026-09-13T21:55:21+00:00,own,5,377,Munoz,2.928
2026-09-13T21:55:21+00:00,own,5,483,Ndoye,3.439
2026-09-13T21:55:21+00:00,own,5,557,Tzolis,3.274
2026-09-13T21:55:21+00:00,own,5,96,Damsgaard,2.559
2026-09-13T21:55:21+00:00,own,5,290,Slater,3.544
2026-09-13T21:55:21+00:00,own,5,481,Anderson,4.297
2026-09-13T21:55:21+00:00,own,5,542,E.Le Fée,2.901
2026-09-13T21:55:21+00:00,own,5,591,Enciso,3.812
2026-09-13T21:55:21+00:00,own,5,129,Ayari,2.692
2026-09-13T21:55:21+00:00,own,5,156,Neto,2.955
2026-09-13T21:55:21+00:00,own,5,211,Yeremy,2.446
2026-09-13T21:55:21+00:00,own,5,366,Wirtz,3.713
2026-09-13T21:55:21+00:00,own,5,455,Tonali,2.872
2026-09-13T21:55:21+00:00,own,5,551,N.Angulo,2.15
2026-09-13T21:55:21+00:00,own,5,45,McGinn,3.5
2026-09-13T21:55:21+00:00,own,5,161,Lavia,2.382
2026-09-13T21:55:21+00:00,own,5,460,Willock,2.216
2026-09-13T21:55:21+00:00,own,5,516,Bentancur,3.046
2026-09-13T21:55:21+00:00,own,5,558,Schlager,3.266
2026-09-13T21:55:21+00:00,own,5,570,Palacios,2.116
2026-09-13T21:55:21+00:00,own,5,43,Tielemans,2.691
2026-09-13T21:55:21+00:00,own,5,210,Wharton,3.161
2026-09-13T21:55:21+00:00,own,5,264,Bobb,2.342
2026-09-13T21:55:21+00:00,own,5,486,McAtee,3.406
2026-09-13T21:55:21+00:00,own,5,7,Lewis-Skelly,2.575
2026-09-13T21:55:21+00:00,own,5,41,Buendía,3.47
2026-09-13T21:55:21+00:00,own,5,46,Barkley,3.751
2026-09-13T21:55:21+00:00,own,5,47,Kamara,3.072
2026-09-13T21:55:21+00:00,own,5,247,Hackney,1.869
2026-09-13T21:55:21+00:00,own,5,261,Iwobi,2.591
2026-09-13T21:55:21+00:00,own,5,267,Lukić,2.734
2026-09-13T21:55:21+00:00,own,5,313,Clarke,1.436
2026-09-13T21:55:21+00:00,own,5,315,Fatawu,2.795
2026-09-13T21:55:21+00:00,own,5,338,Ampadu,2.621
2026-09-13T21:55:21+00:00,own,5,580,Charles,1.991
2026-09-13T21:55:21+00:00,own,5,619,Palacios,2.139
2026-09-13T21:55:21+00:00,own,5,51,George Hemmings,2.549
2026-09-13T21:55:21+00:00,own,5,52,Alysson,1.136
2026-09-13T21:55:21+00:00,own,5,67,Rayan,3.21
2026-09-13T21:55:21+00:00,own,5,73,Adams,1.811
2026-09-13T21:55:21+00:00,own,5,183,Rudoni,2.239
2026-09-13T21:55:21+00:00,own,5,184,Grimes,2.89
2026-09-13T21:55:21+00:00,own,5,239,Garner,2.76
2026-09-13T21:55:21+00:00,own,5,265,Berge,1.829
2026-09-13T21:55:21+00:00,own,5,371,Gravenberch,2.119
2026-09-13T21:55:21+00:00,own,5,429,Rashford,3.485
2026-09-13T21:55:21+00:00,own,5,452,Bruno G.,1.154
2026-09-13T21:55:21+00:00,own,5,459,L.Miley,2.746
2026-09-13T21:55:21+00:00,own,5,514,Tel,3.025
2026-09-13T21:55:21+00:00,own,5,545,Sadiki,1.665
2026-09-13T21:55:21+00:00,own,5,71,Cook,1.626
2026-09-13T21:55:21+00:00,own,5,456,J.Ramsey,1.013
2026-09-13T21:55:21+00:00,own,5,522,Gray,2.171
2026-09-13T21:55:21+00:00,own,5,562,Maeda,2.252
2026-09-13T21:55:21+00:00,own,5,576,Stroud,2.284
2026-09-13T21:55:21+00:00,own,5,95,O.Dango,1.945
2026-09-13T21:55:21+00:00,own,5,102,Yarmoliuk,1.289
2026-09-13T21:55:21+00:00,own,5,104,Onyeka,1.749
2026-09-13T21:55:21+00:00,own,5,155,Enzo,2.262
2026-09-13T21:55:21+00:00,own,5,209,Johnson,1.789
2026-09-13T21:55:21+00:00,own,5,246,Röhl,2.885
2026-09-13T21:55:21+00:00,own,5,309,Núñez,1.494
2026-09-13T21:55:21+00:00,own,5,336,Okafor,2.331
2026-09-13T21:55:21+00:00,own,5,345,Tanaka,1.5
2026-09-13T21:55:21+00:00,own,5,372,Mac Allister,1.936
2026-09-13T21:55:21+00:00,own,5,403,Sávio,1.834
2026-09-13T21:55:21+00:00,own,5,415,Dorgu,2.338
2026-09-13T21:55:21+00:00,own,5,525,Fernandes,1.999
2026-09-13T21:55:21+00:00,own,5,575,Yirenkyi,1.746
2026-09-13T21:55:21+00:00,own,5,644,Timber,1.663
2026-09-13T21:55:21+00:00,own,5,105,Anthony,1.642
2026-09-13T21:55:21+00:00,own,5,337,Aaronson,1.762
2026-09-13T21:55:21+00:00,own,5,19,Zubimendi,0.704
2026-09-13T21:55:21+00:00,own,5,162,Andrey Santos,0.815
2026-09-13T21:55:21+00:00,own,5,186,Mason-Clark,1.648
2026-09-13T21:55:21+00:00,own,5,190,Tchaouna,1.647
2026-09-13T21:55:21+00:00,own,5,260,Wilson,1.782
2026-09-13T21:55:21+00:00,own,5,369,Ngumoha,1.742
2026-09-13T21:55:21+00:00,own,5,405,N.Gonzalez,1.497
2026-09-13T21:55:21+00:00,own,5,627,Barcola,1.027
2026-09-13T21:55:21+00:00,own,5,14,Eze,0.976
2026-09-13T21:55:21+00:00,own,5,17,Merino,0.824
2026-09-13T21:55:21+00:00,own,5,188,Torp,0.589
2026-09-13T21:55:21+00:00,own,5,238,Grealish,0.784
2026-09-13T21:55:21+00:00,own,5,241,McNeil,0.919
2026-09-13T21:55:21+00:00,own,5,289,Crooks,1.399
2026-09-13T21:55:21+00:00,own,5,462,Steur,1.0
2026-09-13T21:55:21+00:00,own,5,488,I.Sangaré,1.106
2026-09-13T21:55:21+00:00,own,5,512,Kudus,0.917
2026-09-13T21:55:21+00:00,own,5,519,Gallagher,1.075
2026-09-13T21:55:21+00:00,own,5,589,Gourna-Douath,1.189
2026-09-13T21:55:21+00:00,own,5,617,Cho,0.51
2026-09-13T21:55:21+00:00,own,5,42,Guessand,0.633
2026-09-13T21:55:21+00:00,own,5,520,Bergvall,0.853
2026-09-13T21:55:21+00:00,own,5,642,Thomas,0.593
2026-09-13T21:55:21+00:00,own,5,165,João Pedro,7.122
2026-09-13T21:55:21+00:00,own,5,411,Haaland,8.699
2026-09-13T21:55:21+00:00,own,5,379,Isak,5.558
2026-09-13T21:55:21+00:00,own,5,316,Emersonn,4.093
2026-09-13T21:55:21+00:00,own,5,138,Kostoulas,3.379
2026-09-13T21:55:21+00:00,own,5,26,Havertz,4.842
2026-09-13T21:55:21+00:00,own,5,79,Evanilson,3.293
2026-09-13T21:55:21+00:00,own,5,249,Barry,4.267
2026-09-13T21:55:21+00:00,own,5,553,Isidor,1.476
2026-09-13T21:55:21+00:00,own,5,464,Wissa,3.742
2026-09-13T21:55:21+00:00,own,5,222,Strand Larsen,2.231
2026-09-13T21:55:21+00:00,own,5,295,McBurnie,3.774
2026-09-13T21:55:21+00:00,own,5,569,Gonzalo,3.153
2026-09-13T21:55:21+00:00,own,5,491,Igor Jesus,3.121
2026-09-13T21:55:21+00:00,own,5,346,Calvert-Lewin,2.963
2026-09-13T21:55:21+00:00,own,5,167,Delap,2.186
2026-09-13T21:55:21+00:00,own,5,439,Šeško,1.417
2026-09-13T21:55:21+00:00,own,5,552,Brobbey,2.128
2026-09-13T21:55:21+00:00,own,5,320,Akpom,0.935
2026-09-13T21:55:21+00:00,own,5,401,Marmoush,3.595
2026-09-13T21:55:21+00:00,own,5,640,Flemming,0.813
2026-09-13T21:55:21+00:00,own,5,106,Thiago,2.703
2026-09-13T21:55:21+00:00,own,5,194,Thomas-Asante,1.533
2026-09-13T21:55:21+00:00,own,5,526,Solanke,1.098
2026-09-13T21:55:21+00:00,own,5,166,N.Jackson,2.102
2026-09-13T21:55:21+00:00,own,5,56,Abraham,1.089
2026-09-13T21:55:21+00:00,own,5,195,Simms,0.994
2026-09-13T21:55:21+00:00,own,5,490,Wood,0.606
2026-09-13T21:55:21+00:00,xg,5,1,Raya,3.661
2026-09-13T21:55:21+00:00,xg,5,572,Tzolakis,3.726
2026-09-13T21:55:21+00:00,xg,5,350,A.Becker,3.683
2026-09-13T21:55:21+00:00,xg,5,109,Verbruggen,3.266
2026-09-13T21:55:21+00:00,xg,5,226,Pickford,4.1
2026-09-13T21:55:21+00:00,xg,5,384,Donnarumma,4.052
2026-09-13T21:55:21+00:00,xg,5,496,Kinsky,3.712
2026-09-13T21:55:21+00:00,xg,5,250,Leno,3.234
2026-09-13T21:55:21+00:00,xg,5,385,Trafford,2.828
2026-09-13T21:55:21+00:00,xg,5,82,Kelleher,3.222
2026-09-13T21:55:21+00:00,xg,5,597,Suzuki,2.744
2026-09-13T21:55:21+00:00,xg,5,467,Sels,3.992
2026-09-13T21:55:21+00:00,xg,5,529,Roefs,3.591
2026-09-13T21:55:21+00:00,xg,5,567,Horníček,3.126
2026-09-13T21:55:21+00:00,xg,5,28,Martinez,2.882
2026-09-13T21:55:21+00:00,xg,5,57,Petrović,3.254
2026-09-13T21:55:21+00:00,xg,5,412,Lammens,3.748
2026-09-13T21:55:21+00:00,xg,5,564,Scherpen,3.77
2026-09-13T21:55:21+00:00,xg,5,110,Rushworth,3.666
2026-09-13T21:55:21+00:00,xg,5,199,Benitez,0.786
2026-09-13T21:55:21+00:00,xg,5,29,M.Bizot,0.904
2026-09-13T21:55:21+00:00,xg,5,391,Gvardiol,4.988
2026-09-13T21:55:21+00:00,xg,5,115,De Cuyper,5.542
2026-09-13T21:55:21+00:00,xg,5,229,Tarkowski,5.639
2026-09-13T21:55:21+00:00,xg,5,8,Calafiori,5.16
2026-09-13T21:55:21+00:00,xg,5,279,Ajayi,4.314
2026-09-13T21:55:21+00:00,xg,5,388,Guéhi,5.51
2026-09-13T21:55:21+00:00,xg,5,277,Egan,5.287
2026-09-13T21:55:21+00:00,xg,5,4,Gabriel,5.639
2026-09-13T21:55:21+00:00,xg,5,282,Giles,4.093
2026-09-13T21:55:21+00:00,xg,5,504,Vuskovic,4.674
2026-09-13T21:55:21+00:00,xg,5,305,Davis,5.275
2026-09-13T21:55:21+00:00,xg,5,116,Dunk,4.01
2026-09-13T21:55:21+00:00,xg,5,233,Mykolenko,5.297
2026-09-13T21:55:21+00:00,xg,5,330,Bogle,3.833
2026-09-13T21:55:21+00:00,xg,5,10,White,4.388
2026-09-13T21:55:21+00:00,xg,5,230,Branthwaite,5.531
2026-09-13T21:55:21+00:00,xg,5,258,Castagne,4.441
2026-09-13T21:55:21+00:00,xg,5,472,Murillo,6.154
2026-09-13T21:55:21+00:00,xg,5,112,Van Hecke,5.014
2026-09-13T21:55:21+00:00,xg,5,362,Jacquet,4.411
2026-09-13T21:55:21+00:00,xg,5,449,Hall,4.67
2026-09-13T21:55:21+00:00,xg,5,88,Kayode,3.241
2026-09-13T21:55:21+00:00,xg,5,204,Mitchell,4.858
2026-09-13T21:55:21+00:00,xg,5,356,Virgil,5.374
2026-09-13T21:55:21+00:00,xg,5,469,N.Williams,5.417
2026-09-13T21:55:21+00:00,xg,5,332,Justin,4.277
2026-09-13T21:55:21+00:00,xg,5,390,Rúben,4.691
2026-09-13T21:55:21+00:00,xg,5,173,Thomas,5.704
2026-09-13T21:55:21+00:00,xg,5,503,Van de Ven,3.365
2026-09-13T21:55:21+00:00,xg,5,579,Araujo,2.364
2026-09-13T21:55:21+00:00,xg,5,87,Ajer,4.636
2026-09-13T21:55:21+00:00,xg,5,334,Muharemović,4.027
2026-09-13T21:55:21+00:00,xg,5,114,Boscagli,3.902
2026-09-13T21:55:21+00:00,xg,5,280,Coyle,3.916
2026-09-13T21:55:21+00:00,xg,5,502,Robertson,3.854
2026-09-13T21:55:21+00:00,xg,5,533,Mukiele,4.506
2026-09-13T21:55:21+00:00,xg,5,588,Khalaili,5.434
2026-09-13T21:55:21+00:00,xg,5,649,Maitland-Niles,1.072
2026-09-13T21:55:21+00:00,xg,5,327,Bijol,3.019
2026-09-13T21:55:21+00:00,xg,5,532,Ballard,5.276
2026-09-13T21:55:21+00:00,xg,5,31,Konsa,2.4
2026-09-13T21:55:21+00:00,xg,5,541,Meunier,4.426
2026-09-13T21:55:21+00:00,xg,5,200,Lacroix,4.144
2026-09-13T21:55:21+00:00,xg,5,254,Robinson,3.973
2026-09-13T21:55:21+00:00,xg,5,389,Matheus N.,1.535
2026-09-13T21:55:21+00:00,xg,5,566,Silva,6.306
2026-09-13T21:55:21+00:00,xg,5,257,Bassey,3.495
2026-09-13T21:55:21+00:00,xg,5,393,Khusanov,3.277
2026-09-13T21:55:21+00:00,xg,5,447,Botman,3.911
2026-09-13T21:55:21+00:00,xg,5,534,Hume,2.157
2026-09-13T21:55:21+00:00,xg,5,60,Hill,4.823
2026-09-13T21:55:21+00:00,xg,5,61,Truffert,4.199
2026-09-13T21:55:21+00:00,xg,5,113,F.Kadıoğlu,2.804
2026-09-13T21:55:21+00:00,xg,5,148,Hato,4.117
2026-09-13T21:55:21+00:00,xg,5,259,Diop,4.931
2026-09-13T21:55:21+00:00,xg,5,304,O'Shea,5.117
2026-09-13T21:55:21+00:00,xg,5,418,Maguire,4.858
2026-09-13T21:55:21+00:00,xg,5,445,Thiaw,3.988
2026-09-13T21:55:21+00:00,xg,5,473,Aina,4.564
2026-09-13T21:55:21+00:00,xg,5,650,Affengruber,1.167
2026-09-13T21:55:21+00:00,xg,5,33,Mings,1.066
2026-09-13T21:55:21+00:00,xg,5,37,Lindelöf,4.197
2026-09-13T21:55:21+00:00,xg,5,93,Schuster,1.371
2026-09-13T21:55:21+00:00,xg,5,358,Kerkez,3.066
2026-09-13T21:55:21+00:00,xg,5,91,Pinnock,2.997
2026-09-13T21:55:21+00:00,xg,5,175,van Ewijk,4.501
2026-09-13T21:55:21+00:00,xg,5,202,Richards,5.202
2026-09-13T21:55:21+00:00,xg,5,417,Dalot,3.368
2026-09-13T21:55:21+00:00,xg,5,419,Martinez,2.82
2026-09-13T21:55:21+00:00,xg,5,151,Acheampong,2.349
2026-09-13T21:55:21+00:00,xg,5,176,Dasilva,4.567
2026-09-13T21:55:21+00:00,xg,5,387,O'Reilly,2.719
2026-09-13T21:55:21+00:00,xg,5,581,Diomande,1.538
2026-09-13T21:55:21+00:00,xg,5,598,Elvedi,1.699
2026-09-13T21:55:21+00:00,xg,5,611,Wan-Bissaka,1.418
2026-09-13T21:55:21+00:00,xg,5,90,Hickey,0.825
2026-09-13T21:55:21+00:00,xg,5,144,Gusto,3.134
2026-09-13T21:55:21+00:00,xg,5,145,Fofana,3.486
2026-09-13T21:55:21+00:00,xg,5,182,Amenda,4.01
2026-09-13T21:55:21+00:00,xg,5,142,James,3.431
2026-09-13T21:55:21+00:00,xg,5,201,Muñoz,2.616
2026-09-13T21:55:21+00:00,xg,5,255,J.Cuenca,1.341
2026-09-13T21:55:21+00:00,xg,5,306,Greaves,4.413
2026-09-13T21:55:21+00:00,xg,5,422,Mazraoui,1.037
2026-09-13T21:55:21+00:00,xg,5,498,Senesi,1.541
2026-09-13T21:55:21+00:00,xg,5,501,Danso,1.925
2026-09-13T21:55:21+00:00,xg,5,633,Ahanor,1.293
2026-09-13T21:55:21+00:00,xg,5,64,Smith,3.331
2026-09-13T21:55:21+00:00,xg,5,149,Colwill,2.926
2026-09-13T21:55:21+00:00,xg,5,203,Canvot,3.125
2026-09-13T21:55:21+00:00,xg,5,253,Andersen,1.813
2026-09-13T21:55:21+00:00,xg,5,331,Gudmundsson,0.998
2026-09-13T21:55:21+00:00,xg,5,357,Frimpong,2.171
2026-09-13T21:55:21+00:00,xg,5,364,Tsimikas,0.997
2026-09-13T21:55:21+00:00,xg,5,577,Tomiyasu,1.076
2026-09-13T21:55:21+00:00,xg,5,395,Lewis,1.175
2026-09-13T21:55:21+00:00,xg,5,421,Heaven,0.989
2026-09-13T21:55:21+00:00,xg,5,539,O'Nien,0.914
2026-09-13T21:55:21+00:00,xg,5,124,Groß,4.724
2026-09-13T21:55:21+00:00,xg,5,12,Saka,6.354
2026-09-13T21:55:21+00:00,xg,5,94,Schade,4.759
2026-09-13T21:55:21+00:00,xg,5,68,Tavernier,5.327
2026-09-13T21:55:21+00:00,xg,5,367,Gakpo,4.198
2026-09-13T21:55:21+00:00,xg,5,426,B.Fernandes,6.266
2026-09-13T21:55:21+00:00,xg,5,69,Scott,4.812
2026-09-13T21:55:21+00:00,xg,5,15,Ødegaard,4.898
2026-09-13T21:55:21+00:00,xg,5,40,Rogers,5.064
2026-09-13T21:55:21+00:00,xg,5,286,Belloumi,4.26
2026-09-13T21:55:21+00:00,xg,5,154,Palmer,5.462
2026-09-13T21:55:21+00:00,xg,5,399,Cherki,4.357
2026-09-13T21:55:21+00:00,xg,5,480,Gibbs-White,5.351
2026-09-13T21:55:21+00:00,xg,5,98,Janelt,5.252
2026-09-13T21:55:21+00:00,xg,5,427,Mbeumo,6.323
2026-09-13T21:55:21+00:00,xg,5,268,King,4.36
2026-09-13T21:55:21+00:00,xg,5,565,M.Sangaré,6.09
2026-09-13T21:55:21+00:00,xg,5,13,Rice,4.377
2026-09-13T21:55:21+00:00,xg,5,86,Lewis-Potter,4.489
2026-09-13T21:55:21+00:00,xg,5,335,Stach,4.033
2026-09-13T21:55:21+00:00,xg,5,544,Xhaka,4.667
2026-09-13T21:55:21+00:00,xg,5,605,Yalcouyé,4.499
2026-09-13T21:55:21+00:00,xg,5,214,Kamada,4.079
2026-09-13T21:55:21+00:00,xg,5,242,George,3.901
2026-09-13T21:55:21+00:00,xg,5,368,Szoboszlai,5.292
2026-09-13T21:55:21+00:00,xg,5,432,Mainoo,4.102
2026-09-13T21:55:21+00:00,xg,5,454,Elanga,3.135
2026-09-13T21:55:21+00:00,xg,5,236,Dewsbury-Hall,4.377
2026-09-13T21:55:21+00:00,xg,5,237,Ndiaye,4.237
2026-09-13T21:55:21+00:00,xg,5,453,Barnes,3.259
2026-09-13T21:55:21+00:00,xg,5,127,Gomez,4.523
2026-09-13T21:55:21+00:00,xg,5,397,Semenyo,4.541
2026-09-13T21:55:21+00:00,xg,5,428,Cunha,4.441
2026-09-13T21:55:21+00:00,xg,5,70,Kluivert,4.451
2026-09-13T21:55:21+00:00,xg,5,244,Armstrong,3.706
2026-09-13T21:55:21+00:00,xg,5,377,Munoz,3.187
2026-09-13T21:55:21+00:00,xg,5,483,Ndoye,4.61
2026-09-13T21:55:21+00:00,xg,5,557,Tzolis,3.789
2026-09-13T21:55:21+00:00,xg,5,96,Damsgaard,2.028
2026-09-13T21:55:21+00:00,xg,5,290,Slater,3.417
2026-09-13T21:55:21+00:00,xg,5,481,Anderson,4.831
2026-09-13T21:55:21+00:00,xg,5,542,E.Le Fée,5.296
2026-09-13T21:55:21+00:00,xg,5,591,Enciso,4.667
2026-09-13T21:55:21+00:00,xg,5,129,Ayari,2.765
2026-09-13T21:55:21+00:00,xg,5,156,Neto,3.404
2026-09-13T21:55:21+00:00,xg,5,211,Yeremy,3.403
2026-09-13T21:55:21+00:00,xg,5,366,Wirtz,4.671
2026-09-13T21:55:21+00:00,xg,5,455,Tonali,3.988
2026-09-13T21:55:21+00:00,xg,5,551,N.Angulo,3.328
2026-09-13T21:55:21+00:00,xg,5,45,McGinn,3.928
2026-09-13T21:55:21+00:00,xg,5,161,Lavia,3.702
2026-09-13T21:55:21+00:00,xg,5,460,Willock,2.077
2026-09-13T21:55:21+00:00,xg,5,516,Bentancur,2.794
2026-09-13T21:55:21+00:00,xg,5,558,Schlager,3.391
2026-09-13T21:55:21+00:00,xg,5,570,Palacios,4.375
2026-09-13T21:55:21+00:00,xg,5,43,Tielemans,4.439
2026-09-13T21:55:21+00:00,xg,5,210,Wharton,4.18
2026-09-13T21:55:21+00:00,xg,5,264,Bobb,4.278
2026-09-13T21:55:21+00:00,xg,5,486,McAtee,4.628
2026-09-13T21:55:21+00:00,xg,5,7,Lewis-Skelly,3.183
2026-09-13T21:55:21+00:00,xg,5,41,Buendía,4.102
2026-09-13T21:55:21+00:00,xg,5,46,Barkley,3.835
2026-09-13T21:55:21+00:00,xg,5,47,Kamara,3.11
2026-09-13T21:55:21+00:00,xg,5,247,Hackney,0.857
2026-09-13T21:55:21+00:00,xg,5,261,Iwobi,3.745
2026-09-13T21:55:21+00:00,xg,5,267,Lukić,3.462
2026-09-13T21:55:21+00:00,xg,5,313,Clarke,0.932
2026-09-13T21:55:21+00:00,xg,5,315,Fatawu,3.871
2026-09-13T21:55:21+00:00,xg,5,338,Ampadu,2.988
2026-09-13T21:55:21+00:00,xg,5,580,Charles,2.055
2026-09-13T21:55:21+00:00,xg,5,619,Palacios,1.868
2026-09-13T21:55:21+00:00,xg,5,51,George Hemmings,3.146
2026-09-13T21:55:21+00:00,xg,5,67,Rayan,4.18
2026-09-13T21:55:21+00:00,xg,5,73,Adams,1.926
2026-09-13T21:55:21+00:00,xg,5,183,Rudoni,4.326
2026-09-13T21:55:21+00:00,xg,5,184,Grimes,3.061
2026-09-13T21:55:21+00:00,xg,5,239,Garner,3.108
2026-09-13T21:55:21+00:00,xg,5,265,Berge,2.372
2026-09-13T21:55:21+00:00,xg,5,371,Gravenberch,1.643
2026-09-13T21:55:21+00:00,xg,5,429,Rashford,3.494
2026-09-13T21:55:21+00:00,xg,5,459,L.Miley,3.134
2026-09-13T21:55:21+00:00,xg,5,514,Tel,3.016
2026-09-13T21:55:21+00:00,xg,5,545,Sadiki,3.56
2026-09-13T21:55:21+00:00,xg,5,71,Cook,1.48
2026-09-13T21:55:21+00:00,xg,5,522,Gray,2.408
2026-09-13T21:55:21+00:00,xg,5,562,Maeda,3.151
2026-09-13T21:55:21+00:00,xg,5,576,Stroud,2.953
2026-09-13T21:55:21+00:00,xg,5,95,O.Dango,2.244
2026-09-13T21:55:21+00:00,xg,5,102,Yarmoliuk,0.772
2026-09-13T21:55:21+00:00,xg,5,104,Onyeka,2.567
2026-09-13T21:55:21+00:00,xg,5,155,Enzo,2.409
2026-09-13T21:55:21+00:00,xg,5,209,Johnson,1.874
2026-09-13T21:55:21+00:00,xg,5,246,Röhl,2.354
2026-09-13T21:55:21+00:00,xg,5,309,Núñez,2.002
2026-09-13T21:55:21+00:00,xg,5,336,Okafor,2.11
2026-09-13T21:55:21+00:00,xg,5,345,Tanaka,0.989
2026-09-13T21:55:21+00:00,xg,5,372,Mac Allister,1.84
2026-09-13T21:55:21+00:00,xg,5,403,Sávio,2.369
2026-09-13T21:55:21+00:00,xg,5,415,Dorgu,3.12
2026-09-13T21:55:21+00:00,xg,5,525,Fernandes,1.755
2026-09-13T21:55:21+00:00,xg,5,575,Yirenkyi,1.536
2026-09-13T21:55:21+00:00,xg,5,644,Timber,2.027
2026-09-13T21:55:21+00:00,xg,5,105,Anthony,1.981
2026-09-13T21:55:21+00:00,xg,5,337,Aaronson,1.804
2026-09-13T21:55:21+00:00,xg,5,162,Andrey Santos,0.918
2026-09-13T21:55:21+00:00,xg,5,186,Mason-Clark,3.021
2026-09-13T21:55:21+00:00,xg,5,190,Tchaouna,1.812
2026-09-13T21:55:21+00:00,xg,5,260,Wilson,1.264
2026-09-13T21:55:21+00:00,xg,5,369,Ngumoha,0.885
2026-09-13T21:55:21+00:00,xg,5,405,N.Gonzalez,1.653
2026-09-13T21:55:21+00:00,xg,5,627,Barcola,0.992
2026-09-13T21:55:21+00:00,xg,5,241,McNeil,0.893
2026-09-13T21:55:21+00:00,xg,5,289,Crooks,1.368
2026-09-13T21:55:21+00:00,xg,5,462,Steur,0.695
2026-09-13T21:55:21+00:00,xg,5,488,I.Sangaré,0.836
2026-09-13T21:55:21+00:00,xg,5,519,Gallagher,1.645
2026-09-13T21:55:21+00:00,xg,5,589,Gourna-Douath,0.712
2026-09-13T21:55:21+00:00,xg,5,520,Bergvall,0.868
2026-09-13T21:55:21+00:00,xg,5,165,João Pedro,5.051
2026-09-13T21:55:21+00:00,xg,5,411,Haaland,6.328
2026-09-13T21:55:21+00:00,xg,5,379,Isak,5.827
2026-09-13T21:55:21+00:00,xg,5,316,Emersonn,5.086
2026-09-13T21:55:21+00:00,xg,5,138,Kostoulas,3.136
2026-09-13T21:55:21+00:00,xg,5,26,Havertz,4.423
2026-09-13T21:55:21+00:00,xg,5,79,Evanilson,4.061
2026-09-13T21:55:21+00:00,xg,5,249,Barry,5.235
2026-09-13T21:55:21+00:00,xg,5,464,Wissa,3.742
2026-09-13T21:55:21+00:00,xg,5,222,Strand Larsen,1.673
2026-09-13T21:55:21+00:00,xg,5,295,McBurnie,4.398
2026-09-13T21:55:21+00:00,xg,5,569,Gonzalo,4.655
2026-09-13T21:55:21+00:00,xg,5,491,Igor Jesus,2.036
2026-09-13T21:55:21+00:00,xg,5,346,Calvert-Lewin,3.716
2026-09-13T21:55:21+00:00,xg,5,167,Delap,2.057
2026-09-13T21:55:21+00:00,xg,5,552,Brobbey,3.626
2026-09-13T21:55:21+00:00,xg,5,401,Marmoush,3.066
2026-09-13T21:55:21+00:00,xg,5,106,Thiago,5.2
2026-09-13T21:55:21+00:00,xg,5,194,Thomas-Asante,0.77
2026-09-13T21:55:21+00:00,xg,5,526,Solanke,0.922
2026-09-13T21:55:21+00:00,xg,5,166,N.Jackson,3.247
2026-09-13T21:55:21+00:00,xg,5,195,Simms,0.955
